City_ID,City,Lat,Lng,Max Temp,Humidity,Cloudiness,Wind Speed,Country,Date
0,coquimbo,-29.9533,-71.3436,287.0,54,100,2.06,CL,1714465854
1,loja,-3.9931,-79.2042,287.48,97,100,1.74,EC,1714466370
2,longyearbyen,78.2186,15.6401,275.06,69,75,4.63,SJ,1714466370
3,edinburgh of the seven seas,-37.0676,-12.3116,285.87,64,100,9.31,SH,1714466370
4,nizhnesortymskiy,62.4397,71.7603,271.15,75,97,7.54,RU,1714466371
5,adamstown,-25.066,-130.1015,296.2,82,84,7.68,PN,1714466371
6,papatowai,-46.5619,169.4708,283.57,96,100,2.95,NZ,1714466371
7,miramar beach,30.3744,-86.3586,296.19,94,100,0.0,US,1714466152
8,itaituba,-4.2761,-55.9836,295.76,99,16,0.88,BR,1714466308
9,georgetown,5.4112,100.3354,307.12,62,20,4.12,MY,1714466225
10,ormara,25.2088,64.6357,305.13,30,5,6.65,PK,1714466371
11,bethel,41.3712,-73.414,286.28,83,100,2.06,US,1714466208
12,labrador city,52.9463,-66.9114,265.47,62,100,6.17,CA,1714466372
13,west island,-12.1568,96.8225,303.14,79,40,4.63,CC,1714466372
14,pinillos,8.9193,-74.4677,296.59,99,80,0.2,CO,1714466372
15,ola,59.5833,151.2833,276.01,85,99,5.09,RU,1714466372
16,san fernando,15.0286,120.6898,312.0,29,5,4.92,PH,1714466373
17,mata-utu,-13.2816,-176.1745,302.71,76,7,4.86,WF,1714466373
18,hawaiian paradise park,19.5933,-154.9731,294.88,96,100,0.0,US,1714466373
19,hithadhoo,-0.6,73.0833,299.77,87,100,7.36,MV,1714466373
20,blackmans bay,-43.0167,147.3167,283.56,85,97,3.01,AU,1714466373
21,margaret river,-33.95,115.0667,294.53,48,100,5.47,AU,1714466373
22,nieuw amsterdam,5.8833,-55.0833,298.24,90,34,3.85,SR,1714466373
23,waitangi,-43.9535,-176.5597,286.94,93,100,2.24,NZ,1714466374
24,den burg,53.0542,4.7972,290.35,79,100,4.63,NL,1714466374
25,san pedro,14.35,121.0167,309.72,57,20,3.6,PH,1714466374
26,port saint john's,-31.6229,29.5448,301.18,35,0,0.38,ZA,1714466374
27,gizo,-8.103,156.8419,301.79,78,100,3.18,SB,1714466374
28,enewetak,11.3474,162.3373,300.76,77,69,8.34,MH,1714466375
29,wailua homesteads,22.0669,-159.378,296.59,83,100,5.66,US,1714466375
30,grytviken,-54.2811,-36.5092,272.94,81,58,4.99,GS,1714466375
31,bubaque,11.2833,-15.8333,298.74,80,28,4.09,GW,1714466375
32,raymondville,26.4815,-97.7831,299.21,95,43,4.88,US,1714466375
33,altai,46.3722,96.2583,282.33,15,7,7.98,MN,1714466375
34,jamestown,42.097,-79.2353,285.63,96,0,0.89,US,1714466371
35,gilleleje,56.122,12.3106,288.71,58,96,0.89,DK,1714466376
36,fort mcmurray,56.7268,-111.381,279.92,70,100,3.09,CA,1714466376
37,port elizabeth,-33.918,25.5701,302.21,49,0,1.54,ZA,1714466376
38,porto novo,6.4965,2.6036,304.05,61,27,3.1,BJ,1714466376
39,vilyuchinsk,52.9306,158.4028,277.3,72,94,8.06,RU,1714466376
40,nhamunda,-2.1861,-56.7131,296.61,98,49,1.09,BR,1714466376
41,invercargill,-46.4,168.35,282.05,97,100,0.45,NZ,1714466376
42,quellon,-43.1167,-73.6167,277.29,93,75,3.09,CL,1714466377
43,nova sintra,14.8667,-24.7167,296.3,82,48,8.96,CV,1714466377
44,lawrence,38.9717,-95.2353,290.06,71,0,2.57,US,1714466255
45,portrush,55.1959,-6.6493,282.86,90,100,1.79,GB,1714466377
46,saint-philippe,-21.3585,55.7679,299.92,83,100,5.66,RE,1714466377
47,nosy varika,-20.5833,48.5333,296.17,92,100,1.33,MG,1714466377
48,cabedelo,-6.9811,-34.8339,296.52,80,100,3.24,BR,1714466216
49,bilibino,68.0546,166.4372,264.97,90,70,1.41,RU,1714466378
50,colonia,50.9333,6.95,293.96,61,0,2.57,DE,1714466378
51,cockburn town,21.4612,-71.1419,297.9,75,93,9.1,TC,1714466378
52,tura,25.5198,90.2201,314.25,9,3,6.49,IN,1714466378
53,ushuaia,-54.8,-68.3,270.96,93,0,1.54,AR,1714466367
54,courtenay,49.6866,-124.9936,281.11,72,75,2.57,CA,1714466378
55,puerto natales,-51.7236,-72.4875,275.04,99,100,1.31,CL,1714466379
56,kapit,2.0167,112.9333,300.2,95,100,1.44,MY,1714466379
57,hamilton,39.1834,-84.5333,290.62,95,100,2.57,US,1714466357
58,iqaluit,63.7506,-68.5145,264.0,79,75,2.57,CA,1714466379
59,bikenibeu village,1.3673,173.1241,301.13,94,40,4.12,KI,1714466379
60,tadine,-21.55,167.8833,294.66,75,2,4.72,NC,1714466379
61,flin flon,54.7682,-101.865,277.63,54,100,3.37,CA,1714466379
62,utrik,11.2278,169.8474,300.52,83,100,9.11,MH,1714466380
63,yellowknife,62.456,-114.3525,269.44,86,0,5.14,CA,1714466312
64,atafu village,-8.5421,-172.5159,302.78,76,100,5.14,TK,1714466380
65,santa terezinha,-29.9002,-50.0904,294.68,96,99,3.82,BR,1714466380
66,port-aux-francais,-49.35,70.2167,276.87,72,41,19.58,TF,1714466380
67,bay roberts,47.5999,-53.2648,280.74,98,100,3.13,CA,1714466380
68,badger,64.8,-147.5333,279.1,56,100,1.54,US,1714466380
69,flying fish cove,-10.4217,105.6791,301.97,74,75,5.66,CX,1714466381
70,argo,37.6333,22.7333,295.5,44,1,5.47,GR,1714466381
71,griffith,41.5284,-87.4237,285.11,100,0,0.0,US,1714466381
72,nagato,34.3833,131.2,289.08,93,100,4.18,JP,1714466381
73,avarua,-21.2078,-159.775,299.18,73,75,7.72,CK,1714466381
74,genhe,50.7833,121.5167,286.98,25,19,4.47,CN,1714466381
75,bredasdorp,-34.5322,20.0403,294.89,46,0,3.94,ZA,1714466382
76,wenling,28.3669,121.36,289.79,96,100,4.46,CN,1714466382
77,minas de marcona,-15.2119,-75.1103,288.28,89,46,3.96,PE,1714466382
78,padang,-0.9492,100.3543,305.18,86,99,1.93,ID,1714466382
79,askino,56.0901,56.5783,284.28,45,34,3.79,RU,1714466382
80,parun,35.4207,70.9221,272.12,90,100,3.52,AF,1714466382
81,medicine hat,50.0501,-110.6683,278.88,70,100,4.12,CA,1714466178
82,greymouth,-42.4667,171.2,284.57,87,97,2.1,NZ,1714466383
83,carnarvon,-24.8667,113.6333,299.74,62,49,7.24,AU,1714466383
84,port lincoln,-34.7333,135.8667,287.15,68,80,8.63,AU,1714466181
85,olonkinbyen,70.9221,-8.7187,272.53,85,100,2.34,SJ,1714466383
86,talnakh,69.4865,88.3972,261.67,87,100,7.61,RU,1714466383
87,mamuju,-2.6748,118.8885,300.59,86,100,2.57,ID,1714466383
88,lebu,-37.6167,-73.65,283.74,80,100,7.87,CL,1714466384
89,taybad,34.74,60.7756,293.79,19,0,5.8,IR,1714466384
90,nikolayevsk-on-amure,53.1406,140.73,278.83,48,76,3.58,RU,1714466384
91,port mathurin,-19.6833,63.4167,299.19,66,71,8.31,MU,1714466384
92,albany,42.6001,-73.9662,285.14,79,95,0.44,US,1714466244
93,punta arenas,-53.15,-70.9167,277.21,81,40,5.14,CL,1714466192
94,westport,41.1415,-73.3579,286.53,81,100,5.66,US,1714466238
95,buon ma thuot,12.6667,108.05,309.62,31,90,5.06,VN,1714466385
96,ancud,-41.8697,-73.8203,279.43,82,100,3.4,CL,1714466385
97,besskorbnaya,44.6447,41.311,288.48,78,100,5.48,RU,1714466385
98,frontera,26.9333,-101.45,299.76,60,1,0.89,MX,1714466385
99,kingston,17.997,-76.7936,300.68,78,20,3.6,JM,1714466230
100,prainha,-1.8,-53.48,296.03,98,48,0.98,BR,1714466385
101,axim,4.8699,-2.2405,303.75,70,63,2.6,GH,1714466386
102,tiksi,71.6872,128.8694,262.19,94,99,3.27,RU,1714466386
103,sengkang,-4.1279,120.0297,301.3,82,100,1.99,ID,1714466386
104,ilulissat,69.2167,-51.1,270.16,86,75,8.23,GL,1714466386
105,veraval,20.9,70.3667,305.06,48,1,9.65,IN,1714466386
106,port shepstone,-30.7414,30.455,299.73,53,0,3.02,ZA,1714466387
107,amga,60.8953,131.9608,274.9,61,97,2.36,RU,1714466387
108,zherdevka,51.8486,41.4606,291.11,46,0,3.03,RU,1714466387
109,mejit,10.2753,170.8646,300.81,84,100,9.04,MH,1714466388
110,kidal,18.4411,1.4078,307.09,19,99,9.87,ML,1714466388
111,krotoszyn,51.6987,17.4374,297.91,49,39,7.24,PL,1714466213
112,bireun,5.203,96.7009,303.65,72,100,3.02,ID,1714466388
113,nueva esperanza,15.2667,-87.6,297.94,88,100,1.09,HN,1714466388
114,kerikeri,-35.2268,173.9474,288.66,91,3,1.37,NZ,1714466388
115,havre,49.5833,0.3333,285.56,82,0,3.6,FR,1714466388
116,pacocha,-17.5833,-71.3333,292.24,86,29,0.21,PE,1714466389
117,alice springs,-23.7,133.8833,296.9,15,53,6.17,AU,1714466389
118,abeche,13.8292,20.8324,312.68,6,0,8.55,TD,1714466389
119,aldan,58.6031,125.3894,274.29,99,100,2.99,RU,1714466389
120,ouallam,14.3188,2.0866,310.64,14,48,5.85,NE,1714466389
121,codrington,-38.2667,141.9667,286.35,71,100,5.8,AU,1714466389
122,el fasher,13.6279,25.3494,309.59,6,0,7.34,SD,1714466389
123,waddan,29.1614,16.139,308.56,14,94,3.8,LY,1714466390
124,petropavlovsk-kamchatsky,53.0452,158.6483,276.48,63,20,12.96,RU,1714466390
125,sunne,59.8376,13.143,286.33,57,2,2.76,SE,1714466390
126,tahoua,14.8888,5.2692,308.14,34,2,3.6,NE,1714466390
127,cidreira,-30.1811,-50.2056,294.39,97,100,0.78,BR,1714466390
128,soio,-6.1349,12.3689,302.91,69,72,1.52,AO,1714466390
129,new norfolk,-42.7826,147.0587,284.22,94,91,1.14,AU,1714466391
130,nema,57.5067,50.5011,287.31,54,100,4.94,RU,1714466266
131,san juan nepomuceno,9.9516,-75.082,297.27,90,98,1.33,CO,1714466356
132,susuman,62.7833,148.1667,270.92,66,83,5.36,RU,1714466391
133,key largo,25.0865,-80.4473,297.59,62,7,7.02,US,1714466343
134,ust-nera,64.5667,143.2,269.84,94,100,3.08,RU,1714466391
135,aasiaat,68.7098,-52.8699,267.62,84,99,8.2,GL,1714466392
136,pasuquin,18.3328,120.6177,305.12,66,40,3.09,PH,1714466392
137,touros,-5.1989,-35.4608,297.95,91,100,2.48,BR,1714466392
138,mikhaylovsk,45.1283,42.0256,285.27,87,100,5.0,RU,1714466392
139,iskateley,67.6803,53.1512,271.74,91,100,5.33,RU,1714466392
140,bengkulu,-3.8004,102.2655,303.08,72,93,1.95,ID,1714466392
141,college,64.8569,-147.8028,279.15,52,75,1.54,US,1714466393
142,fort bragg,35.139,-79.006,292.06,85,0,4.12,US,1714466393
143,south sioux city,42.4739,-96.4136,281.92,65,0,3.09,US,1714466393
144,anadyr,64.75,177.4833,272.43,86,40,4.0,RU,1714466393
145,port alfred,-33.5906,26.891,298.81,66,3,3.63,ZA,1714466393
146,puerto baquerizo moreno,-0.9,-89.6,297.49,84,12,2.27,EC,1714466393
147,chonchi,-42.6128,-73.8092,277.1,95,100,1.23,CL,1714466393
148,isafjordur,66.0755,-23.124,277.17,81,100,2.06,IS,1714466394
149,magadan,59.5667,150.8,275.67,90,98,5.39,RU,1714466394
150,dul'durga,50.6761,113.5931,294.14,16,34,5.33,RU,1714466394
151,sidi khaled,34.387,4.9879,294.74,48,18,7.48,DZ,1714466394
152,klyuchi,52.2667,79.1667,282.26,29,100,2.79,RU,1714466394
153,bam,29.106,58.357,299.68,12,0,5.44,IR,1714466394
154,namibe,-15.1961,12.1522,302.19,49,2,2.3,AO,1714466394
155,christchurch,-43.5333,172.6333,286.11,78,100,1.54,NZ,1714466120
156,alta,69.9689,23.2717,278.74,52,20,2.06,NO,1714466395
157,hinton,53.4001,-117.5857,271.55,81,44,1.27,CA,1714466395
158,anshun,26.25,105.9333,292.35,58,8,6.74,CN,1714466395
159,hasaki,35.7333,140.8333,295.53,93,100,4.9,JP,1714466361
160,robertsport,6.7533,-11.3686,302.11,77,14,2.13,LR,1714466395
161,constantia,44.1833,28.65,288.54,83,100,9.08,RO,1714466395
162,rikaze,29.25,88.8833,291.13,4,83,6.09,CN,1714466396
163,inhambane,-23.865,35.3833,300.14,61,20,0.0,MZ,1714466396
164,kulhudhuffushi,6.6221,73.07,301.89,81,100,4.69,MV,1714466396
165,kapuskasing,49.4169,-82.4331,276.2,93,100,5.66,CA,1714466162
166,tartagal,-22.5164,-63.8013,292.01,97,3,1.06,AR,1714466396
167,schuyler,42.4167,-76.883,291.61,95,97,0.35,US,1714466396
168,svetlyy,54.675,20.1347,292.18,66,95,3.77,RU,1714466396
169,whitehorse,60.7161,-135.0538,277.58,93,100,1.03,CA,1714466397
170,vittel,48.2009,5.9484,286.99,77,0,4.63,FR,1714466397
171,nsanje,-16.92,35.262,302.3,45,3,1.28,MW,1714466397
172,taksimo,56.3444,114.8794,286.23,46,100,0.55,RU,1714466397
173,stanley,54.868,-1.6985,285.65,67,20,5.14,GB,1714466397
174,ampanihy,-24.7,44.75,306.13,31,0,2.78,MG,1714466397
175,walsrode,52.8667,9.6,289.83,62,80,2.33,DE,1714466398
176,mitu,1.1983,-70.1733,295.0,99,100,0.34,CO,1714466398
177,lib,8.3122,167.3766,301.1,83,49,9.05,MH,1714466398
178,port de pollenca,39.9075,3.0814,290.53,86,100,2.63,ES,1714466398
179,palmeiras de goias,-16.805,-49.9258,292.1,78,21,1.59,BR,1714466398
180,suwannaphum,15.6035,103.8021,316.24,13,1,4.74,TH,1714466398
181,khovd,48.0056,91.6419,291.9,13,42,7.81,MN,1714466398
182,tazovsky,67.4667,78.7,266.04,82,100,2.25,RU,1714466399
183,coracao de jesus,-16.6853,-44.365,291.52,86,9,2.34,BR,1714466399
184,kununurra,-15.7667,128.7333,305.14,35,71,3.6,AU,1714466181
185,lihue,21.9789,-159.3672,296.92,80,100,5.66,US,1714466399
186,rabaul,-4.1967,152.1721,300.38,82,100,2.92,PG,1714466399
187,halifax,44.6453,-63.5724,277.15,73,57,6.26,CA,1714466180
188,hainichen,50.9667,13.1167,296.34,57,6,6.2,DE,1714466399
189,boksitogorsk,59.474,33.8485,286.26,85,100,4.79,RU,1714466400
190,palikir - national government center,6.9248,158.1611,301.56,84,75,2.06,FM,1714466400
191,muncar,-8.4333,114.3333,301.01,83,77,3.17,ID,1714466400
192,smithers,54.7804,-127.1743,276.33,100,100,1.54,CA,1714466109
193,la rioja,42.25,-2.5,279.03,37,2,0.56,ES,1714466149
194,woodward,36.4337,-99.3904,290.72,83,0,8.75,US,1714466401
195,kralendijk,12.15,-68.2667,300.14,78,68,3.6,BQ,1714466370
196,san antonio de pale,-1.4014,5.6325,301.67,79,100,3.54,GQ,1714466401
197,rio grande,-32.035,-52.0986,293.12,99,91,5.45,BR,1714466401
198,laascaanood,8.4774,47.3597,303.81,47,44,1.48,SO,1714466401
199,borinskoye,52.4569,39.3713,288.35,34,0,1.52,RU,1714466401
200,vorgashor,67.5833,63.95,268.6,95,95,5.67,RU,1714466401
201,douentza,14.9951,-2.9517,306.03,23,46,7.18,ML,1714466402
202,meadow lakes,61.6247,-149.6011,280.98,67,100,0.0,US,1714466402
203,atar,20.5169,-13.0499,296.04,22,62,8.62,MR,1714466402
204,brisas de zicatela,15.8369,-97.0419,298.74,75,100,1.63,MX,1714466402
205,belyy yar,53.6039,91.3903,279.09,45,0,5.0,RU,1714466402
206,san jose de guanipa,8.8872,-64.1651,297.89,81,59,5.18,VE,1714466403
207,majene,-3.5403,118.9707,300.06,87,100,2.36,ID,1714466235
208,snowflake,34.5134,-110.0785,282.36,37,0,3.71,US,1714466403
209,saynshand,44.8824,110.1163,292.48,8,0,6.99,MN,1714466403
210,camana,-16.6228,-72.7111,293.21,85,61,1.73,PE,1714466403
211,howrah,22.5892,88.3103,316.15,23,18,2.57,IN,1714466404
212,hermanus,-34.4187,19.2345,294.15,68,0,4.69,ZA,1714466404
213,khanty-mansiysk,61.0042,69.0019,276.21,30,0,5.0,RU,1714466404
214,aykhal,66.0,111.5,273.09,98,100,9.65,RU,1714466404
215,whitby,54.4877,-0.615,286.69,75,77,7.17,GB,1714466301
216,nar'yan-mar,67.6713,53.087,271.71,91,99,5.35,RU,1714466404
217,val-d'or,48.1002,-77.7828,277.2,100,100,4.63,CA,1714466405
218,thompson,55.7435,-97.8558,276.24,48,75,2.06,CA,1714466333
219,nuuk,64.1835,-51.7216,269.49,93,100,1.54,GL,1714466237
220,paros,37.0833,25.15,292.76,65,40,10.29,GR,1714466405
221,ribeira grande,38.5167,-28.7,289.14,88,75,2.57,PT,1714466405
222,fang,19.9169,99.2145,314.25,14,2,3.83,TH,1714466406
223,hadibu,12.65,54.0333,303.91,71,100,5.66,YE,1714466406
224,porto cristo,39.5395,3.333,290.0,93,100,1.71,ES,1714466406
225,kalmunai,7.4167,81.8167,304.77,66,100,4.05,LK,1714466406
226,kalispell,48.1958,-114.3129,276.02,72,75,3.09,US,1714466173
227,dabra,25.9,78.3333,312.82,8,0,6.31,IN,1714466406
228,st. john's,47.5649,-52.7093,280.53,98,100,6.17,CA,1714466407
229,luderitz,-26.6481,15.1594,296.82,47,3,1.93,NA,1714466407
230,vadso,70.0744,29.7487,277.24,65,40,3.6,NO,1714466407
231,mimizan,44.2006,-1.2289,292.4,58,6,2.33,FR,1714466407
232,muisne,0.6,-80.0333,298.7,85,99,1.53,EC,1714466407
233,chegdomyn,51.1167,133.0167,284.66,38,67,1.64,RU,1714466298
234,callao,-12.0667,-77.15,295.77,83,20,3.6,PE,1714466394
235,qinggang,46.6833,126.0833,289.42,20,74,3.7,CN,1714466408
236,qaqortoq,60.7167,-46.0333,274.01,82,100,0.12,GL,1714466408
237,bayanhongor,46.7167,100.1167,281.12,17,59,5.45,MN,1714466408
238,garner,35.7113,-78.6142,291.61,89,35,4.22,US,1714466408
239,at taj,24.2049,23.2857,307.64,7,0,1.31,LY,1714466409
240,amqui,48.4638,-67.4313,270.83,86,100,5.18,CA,1714466409
241,ugoofaaru,5.6667,73.0,301.57,81,100,4.27,MV,1714466409
242,ziro,27.6333,93.8333,286.56,77,98,0.47,IN,1714466409
243,poronaysk,49.2167,143.1167,277.04,70,100,7.39,RU,1714466409
244,praia da vitoria,38.7333,-27.0667,287.29,82,40,0.8,PT,1714466409
245,roma,43.2128,-75.4557,288.0,73,100,3.6,US,1714466163
246,as sulayyil,20.4607,45.5779,302.29,19,0,6.67,SA,1714466410
247,tchintabaraden,15.8969,5.7985,311.99,5,4,8.01,NE,1714466410
248,egyek,47.6333,20.9,293.79,49,0,1.61,HU,1714466410
249,freetown,8.484,-13.2299,302.04,71,100,1.72,SL,1714466410
250,alvaraes,-3.2208,-64.8042,298.14,91,100,0.94,BR,1714466410
251,dudinka,69.4058,86.1778,260.19,86,100,8.05,RU,1714466390
252,tateyama,34.9833,139.8667,292.9,91,98,2.05,JP,1714466411
253,dunedin,-45.8742,170.5036,284.15,97,100,2.24,NZ,1714466411
254,tweed heads,-28.1817,153.547,294.92,83,100,2.57,AU,1714466411
255,coahuayana de hidalgo,18.7,-103.6583,292.96,89,21,1.39,MX,1714466411
256,arno,60.1167,18.6333,285.17,53,6,2.52,SE,1714466411
257,adam,22.3756,57.5233,307.88,25,5,1.37,OM,1714466411
258,kodiak,57.79,-152.4072,277.88,81,100,2.06,US,1714466412
259,tanjung pandan,-2.75,107.65,302.49,79,100,1.39,ID,1714466412
260,al jawf,29.5,38.75,302.29,22,3,2.76,SA,1714466412
261,karratha,-20.7377,116.8463,303.61,30,0,4.54,AU,1714466299
262,tubarjal,30.4999,38.216,301.68,28,59,2.33,SA,1714466412
263,yalihuyuk,37.3008,32.0855,293.31,54,89,1.33,TR,1714466412
264,papao,-17.75,-149.55,297.97,68,60,9.69,PF,1714466413
265,east ballina,-28.8667,153.5833,291.93,73,50,2.86,AU,1714466413
266,derbent,42.0678,48.2899,292.73,69,33,2.2,RU,1714466413
267,saint-francois,46.4154,3.9054,284.84,94,0,2.06,FR,1714466343
268,talitsa,56.8804,60.0213,282.45,37,52,3.51,RU,1714466413
269,rogozno,52.7523,16.9905,298.27,55,24,5.37,PL,1714466414
270,taveta,-3.3963,37.6736,301.73,54,34,4.41,KE,1714466414
271,san patricio,28.017,-97.5169,298.06,88,94,3.98,US,1714466414
272,crane,31.3974,-102.3501,295.51,56,0,8.42,US,1714466414
273,sitka,57.0531,-135.33,280.09,76,100,0.0,US,1714466414
274,kimbe,-5.5502,150.1429,299.43,89,100,1.14,PG,1714466415
275,cotonou,6.3654,2.4183,304.14,79,20,3.6,BJ,1714466415
276,udachny,66.4167,112.4,271.18,94,100,11.45,RU,1714466415
277,la passe,45.5549,-0.8967,290.6,73,42,3.53,FR,1714466415
278,ketchikan,55.3422,-131.6461,281.14,87,100,0.0,US,1714466136
279,lospalos,-8.5186,127.0025,296.95,88,100,3.77,TL,1714466416
280,quepos,9.4236,-84.1652,299.52,83,68,1.27,CR,1714466416
281,kayangel,8.0823,134.7173,301.98,75,62,5.3,PW,1714466416
282,sarajevo,43.8486,18.3564,293.1,42,0,1.03,BA,1714466266
283,bamboo flat,11.7,92.7167,305.72,54,30,4.39,IN,1714466416
284,northam,51.0333,-4.2167,286.29,91,100,8.79,GB,1714466417
285,saipan,15.1355,145.701,302.54,70,20,6.69,MP,1714466417
286,sao joao da barra,-21.6403,-41.0511,296.1,91,0,2.5,BR,1714466417
287,vila franca do campo,37.7167,-25.4333,291.42,99,14,1.42,PT,1714466417
288,fortuna,40.5982,-124.1573,280.74,94,100,1.54,US,1714466417
289,yen bai,21.7,104.8667,314.45,25,26,0.45,VN,1714466418
290,happy valley-goose bay,53.3168,-60.3315,269.32,93,100,5.66,CA,1714466418
291,guatrache,-37.6678,-63.5302,282.68,58,45,4.41,AR,1714466418
292,newman,37.3138,-121.0208,286.28,72,0,0.89,US,1714466418
293,kashgar,39.4547,75.9797,285.71,58,75,4.0,CN,1714466418
294,taoudenni,22.6783,-3.9836,297.95,13,100,5.94,ML,1714466418
295,las heras,-46.5419,-68.9359,277.43,79,72,9.77,AR,1714466419
296,camocim,-2.9022,-40.8411,297.66,92,97,6.69,BR,1714466419
297,menzel kamel,35.6248,10.6673,291.84,94,75,4.63,TN,1714466419
298,gambiran satu,-8.3939,114.1464,299.33,90,91,0.72,ID,1714466419
299,xinzhi,36.4989,111.7047,293.79,28,63,0.57,CN,1714466419
300,bintulu,3.1667,113.0333,306.38,62,40,2.57,MY,1714466420
301,kristiansund,63.1115,7.732,287.51,35,0,3.09,NO,1714466420
302,thurso,58.5927,-3.5259,284.29,70,15,5.23,GB,1714466420
303,broome,42.2506,-75.833,291.36,81,75,2.57,US,1714466420
304,haiku-pauwela,20.9219,-156.3051,295.95,77,20,5.14,US,1714466420
305,huron,41.1501,-82.5499,289.25,97,100,1.29,US,1714466420
306,misratah,32.3754,15.0925,295.4,64,100,3.02,LY,1714466421
307,saurimo,-9.6608,20.3916,298.46,45,68,3.63,AO,1714466421
308,hanzhong,33.0728,107.0303,291.91,48,52,3.74,CN,1714466421
309,rajanpur,29.1035,70.325,307.58,8,0,3.8,PK,1714466421
310,harnai,30.1005,67.9374,297.32,11,0,1.73,PK,1714466422
311,arraial do cabo,-22.9661,-42.0278,296.85,91,0,5.89,BR,1714466422
312,skiathos,39.1623,23.4909,291.24,72,75,3.09,GR,1714466422
313,gondar,12.6,37.4667,300.3,19,8,2.91,ET,1714466422
314,imbituba,-28.24,-48.6703,297.51,94,2,4.39,BR,1714466422
315,egilsstadir,65.2653,-14.3948,276.1,93,100,7.72,IS,1714466422
316,hede,33.7681,120.2517,285.36,68,100,3.91,CN,1714466423
317,mola di bari,41.0609,17.0873,299.03,56,14,2.54,IT,1714466423
318,mao,39.8885,4.2658,289.46,100,75,5.14,ES,1714466423
319,qinnan,33.2531,119.9133,285.01,69,100,4.48,CN,1714466423
320,maridi,4.9158,29.4742,309.67,28,5,1.64,SS,1714466423
321,ishimbay,53.4545,56.0415,282.19,55,41,5.38,RU,1714466171
322,cururupu,-1.8283,-44.8683,295.99,100,97,0.52,BR,1714466423
323,lubango,-14.9172,13.4925,294.07,43,0,4.63,AO,1714466424
324,djibo,14.1022,-1.6306,308.17,21,73,9.69,BF,1714466424
325,gilgit,35.9221,74.3087,284.64,54,74,2.46,PK,1714466424
326,puerto ayora,-0.7393,-90.3518,295.68,97,7,0.45,EC,1714466424
327,baiyin,36.5583,104.2081,288.33,19,25,3.6,CN,1714466359
328,bridgewater,44.3835,-64.5155,277.97,76,50,7.72,CA,1714466424
329,sola,-13.8833,167.55,301.32,82,99,9.77,VU,1714466425
330,cabo san lucas,22.8909,-109.9124,295.66,27,13,0.89,MX,1714465793
331,nishinoomote,30.7333,131.0,294.46,88,40,6.69,JP,1714466425
332,richards bay,-28.783,32.0377,300.28,42,0,3.37,ZA,1714466425
333,yantzaza,-3.8278,-78.7594,295.71,100,100,0.45,EC,1714466425
334,meulaboh,4.1363,96.1285,301.68,82,99,2.89,ID,1714466425
335,luba,3.4568,8.5547,304.09,78,100,1.4,GQ,1714466425
336,maamba,-17.3667,27.15,300.07,39,0,4.17,ZM,1714466426
337,taroa,8.7058,171.2275,300.98,86,90,9.47,MH,1714466426
338,konarka,19.9,86.1167,315.37,61,0,10.39,IN,1714466426
339,sandnessjoen,66.0217,12.6316,284.44,76,75,1.03,NO,1714466247
340,navrongo,10.8956,-1.0921,309.64,23,70,3.54,GH,1714466426
341,ilhabela,-23.7781,-45.3581,296.06,90,2,1.66,BR,1714466364
342,marka,1.7159,44.7717,304.33,66,57,7.6,SO,1714466427
343,miasskoye,55.2784,61.8905,286.73,31,6,2.56,RU,1714466427
344,chamical,-30.36,-66.314,291.47,78,1,2.09,AR,1714466427
345,kabalo,-6.05,26.9167,301.98,55,32,2.56,CD,1714466427
346,afaahiti,-17.75,-149.2833,297.08,68,68,8.3,PF,1714466427
347,isla mujeres,21.2311,-86.731,299.91,84,1,5.65,MX,1714466428
348,porto-vecchio,41.591,9.2795,295.89,35,0,7.72,FR,1714466428
349,burgau,48.4316,10.4099,294.66,70,4,1.7,DE,1714466428
350,igarka,67.4667,86.5833,263.16,82,100,9.39,RU,1714466428
351,rio san juan,19.6439,-70.0763,296.91,86,98,4.98,DO,1714466428
352,khuzdar,27.7384,66.6434,296.23,9,0,11.62,PK,1714466429
353,pucon,-39.2822,-71.9543,279.01,99,100,4.86,CL,1714466429
354,garbahaarrey,3.3289,42.2209,306.64,44,9,6.39,SO,1714466429
355,muroto-misakicho,33.2833,134.15,294.14,92,71,6.0,JP,1714466429
356,chunian,30.964,73.9803,309.01,9,3,0.85,PK,1714466429
357,mesquite,32.7668,-96.5992,294.12,92,0,1.54,US,1714466164
358,margate,51.3813,1.3862,286.87,75,100,1.79,GB,1714466411
359,portland,45.5234,-122.6762,280.47,87,67,0.89,US,1714466292
360,nguigmi,14.2495,13.1092,310.56,10,99,8.7,NE,1714466430
361,krasnokamensk,50.0979,118.0369,290.89,19,50,6.33,RU,1714466430
362,schlusser,40.2417,-77.1769,293.03,89,94,0.62,US,1714466430
363,alappakkam,11.6,79.7333,310.4,70,86,7.3,IN,1714466431
364,labasa,-16.4167,179.3833,297.27,91,21,2.92,FJ,1714466431
365,novoishimskiy,53.1981,66.7694,279.83,65,100,5.09,KZ,1714466431
366,baiti,13.745,-14.7482,307.68,27,0,4.41,SN,1714466431
367,castillos,-34.1667,-53.8333,290.47,99,89,1.02,UY,1714466431
368,khash,28.2211,61.2158,298.42,13,0,7.45,IR,1714466432
369,plainview,40.7765,-73.4673,287.02,86,100,3.6,US,1714466308
370,la palma,33.8464,-118.0467,291.1,91,40,2.06,US,1714466432
371,zheleznogorsk-ilimskiy,56.5768,104.1217,275.58,96,100,4.47,RU,1714466432
372,rio gallegos,-51.6226,-69.2181,276.18,87,40,5.66,AR,1714466164
373,nemuro,43.3236,145.575,277.64,99,100,1.92,JP,1714466432
374,lake albert,-35.1667,147.3833,289.48,71,17,3.39,AU,1714466433
375,newtown,-33.8984,151.1775,290.45,77,75,12.35,AU,1714466433
376,la ronge,55.1001,-105.2842,278.29,70,100,2.57,CA,1714466433
377,najran,17.4924,44.1277,300.51,26,6,2.57,SA,1714466433
378,cafayate,-26.073,-65.9761,293.44,22,0,2.42,AR,1714466433
379,qurayyat,31.3318,37.3428,299.25,41,40,6.17,SA,1714466434
380,hegang,47.4,130.3667,289.31,23,87,3.27,CN,1714466434
381,sparti,37.0733,22.4297,293.82,30,5,1.72,GR,1714466434
382,la'ie,21.6477,-157.9253,297.29,81,94,2.68,US,1714466434
383,adrar,20.5022,-10.0711,294.58,21,94,8.77,MR,1714466434
384,siwa oasis,29.2041,25.5195,300.79,25,0,2.32,EG,1714466434
385,nadym,65.5333,72.5167,270.35,82,100,9.08,RU,1714466272
386,carutapera,-1.195,-46.02,297.8,93,100,1.21,BR,1714466435
387,uturoa,-16.7333,-151.4333,300.23,72,98,9.76,PF,1714466435
388,itagiba,-14.2836,-39.8428,293.15,99,49,1.31,BR,1714466435
389,kilindoni,-7.9139,39.6668,300.33,71,5,7.23,TZ,1714466435
390,palangkaraya,-2.2,113.8333,300.55,88,100,1.83,ID,1714466174
391,east london,-33.0153,27.9116,300.67,57,0,1.54,ZA,1714466435
392,elverum,60.8819,11.5623,284.43,57,92,2.68,NO,1714466436
393,ta`u,-14.2336,-169.5144,302.34,80,100,10.14,AS,1714466436
394,gao,16.6362,1.637,309.19,18,85,12.06,ML,1714466436
395,eraan,9.0629,117.7016,305.19,58,96,1.11,PH,1714466436
396,el vendrell,41.2167,1.5333,290.78,94,100,0.4,ES,1714466436
397,kwale,5.7063,6.4374,306.41,60,100,1.64,NG,1714466436
398,terbanggi besar,-4.8667,105.2333,304.07,69,100,2.64,ID,1714466436
399,mandiana,10.6333,-8.6833,306.81,25,1,3.98,GN,1714466437
400,erenhot,43.6475,111.9767,290.93,11,0,7.36,CN,1714466437
401,scarborough,54.2797,-0.4044,287.0,75,70,4.47,GB,1714466308
402,khamis mushait,18.3064,42.7292,297.49,38,20,7.72,SA,1714466437
403,ar rutbah,33.0381,40.2848,300.18,30,95,4.18,IQ,1714466437
404,gadzhiyevo,69.2551,33.3362,274.42,97,100,1.19,RU,1714466438
405,taulaga,-11.0553,-171.0883,302.18,79,88,4.68,AS,1714466438
406,narasannapeta,18.4167,84.05,309.39,41,3,10.68,IN,1714466438
407,kangaba,11.9333,-8.4167,306.83,24,10,4.73,ML,1714466438
408,piti village,13.4626,144.6933,302.64,76,0,6.69,GU,1714466438
409,teshi old town,5.5836,-0.1072,303.46,79,20,3.6,GH,1714466438
410,spenge,52.1333,8.4833,292.6,83,100,1.85,DE,1714466438
411,cerro de ortega,18.75,-103.7667,292.62,91,23,1.43,MX,1714466439
412,salekhard,66.53,66.6019,269.48,85,65,7.6,RU,1714466291
413,hell-ville,-13.4,48.2667,304.08,70,40,1.03,MG,1714466439
414,campbell river,50.0163,-125.2446,280.07,95,100,1.83,CA,1714466439
415,kangiwa,12.5521,3.8187,311.47,25,8,1.6,NG,1714466439
416,dakhla,23.6848,-15.958,290.16,67,0,9.26,EH,1714466439
417,bazarak,35.3129,69.5152,277.88,60,80,4.55,AF,1714466440
418,i-n-salah,27.1935,2.4607,299.33,8,80,4.52,DZ,1714466440
419,kolo,52.2002,18.6387,296.04,53,56,3.61,PL,1714466440
420,dryden,49.7833,-92.7503,272.31,100,100,2.57,CA,1714466344
421,naracoorte,-36.9579,140.7383,285.31,56,18,4.9,AU,1714466180
422,kaltan,53.5347,87.2457,275.97,58,100,2.11,RU,1714466440
423,shira,54.4911,89.9531,277.06,46,97,7.06,RU,1714466440
424,burang,30.25,81.1667,277.13,36,0,4.85,CN,1714466441
425,tolanaro,-25.0319,46.9987,300.19,74,20,9.26,MG,1714466441
426,ust-tsilma,65.441,52.1498,271.27,83,100,2.68,RU,1714466441
427,oodweyne,9.4092,45.064,303.95,39,11,3.09,SO,1714466441
428,bereket,39.2446,55.5154,302.09,8,0,4.96,TM,1714466441
429,china,25.7,-99.2333,297.8,88,0,3.4,MX,1714466264
430,paracuru,-3.41,-39.0306,298.21,94,100,5.09,BR,1714466442
431,karmaskaly,54.3709,56.1837,285.1,38,67,5.16,RU,1714466442
432,quirihue,-36.2833,-72.5333,281.34,85,51,2.44,CL,1714466442
433,voi,-3.3945,38.563,303.89,45,49,3.83,KE,1714466442
434,akrehamn,59.2667,5.1833,288.29,55,0,8.75,NO,1714466442
435,hammerfest,70.6634,23.6821,276.4,75,0,2.06,NO,1714466443
436,keflavik,64.0049,-22.5624,279.1,75,75,9.77,IS,1714466443
437,otofuke,42.9917,143.2003,282.68,91,100,1.16,JP,1714466443
438,asaba,6.2006,6.7338,304.88,65,100,1.51,NG,1714466443
439,hotan,37.0997,79.9269,291.89,18,100,2.84,CN,1714466443
440,changping,40.2186,116.2197,297.95,13,4,3.46,CN,1714466443
441,sao jose da coroa grande,-8.8978,-35.1478,299.33,82,77,2.0,BR,1714466443
442,puerto cabezas,14.0351,-83.3888,298.3,88,67,1.9,NI,1714466444
443,kedrovyy,56.1667,91.8167,275.39,61,100,5.14,RU,1714466444
444,timaru,-44.4,171.25,284.3,82,99,2.83,NZ,1714466444
445,puerto san jose,13.9256,-90.8244,300.76,79,100,1.56,GT,1714466444
446,smara,26.7384,-11.6719,290.72,53,4,8.78,EH,1714466444
447,juan griego,11.0817,-63.9655,297.89,90,10,3.46,VE,1714466444
448,victorica,-36.2151,-65.4359,281.56,54,0,5.12,AR,1714466444
449,stephenville,32.2207,-98.2023,293.59,94,75,2.06,US,1714466445
450,labytnangi,66.6572,66.4183,269.47,85,61,6.12,RU,1714466445
451,galveston,29.3669,-94.9669,294.82,89,0,2.57,US,1714466445
452,banda aceh,5.5577,95.3222,302.73,74,100,2.02,ID,1714466445
453,saint-paul,-21.0096,55.2707,301.2,80,100,0.79,RE,1714466427
454,tsiombe,-25.3,45.4833,304.74,38,0,2.16,MG,1714466445
455,knyaze-volkonskoye,48.4642,135.4567,289.34,25,16,2.68,RU,1714466446
456,okha,53.5739,142.9478,277.18,51,92,2.24,RU,1714466446
457,kasempa,-13.4584,25.8338,298.6,33,1,3.0,ZM,1714466446
458,caucete,-31.6518,-68.2811,294.05,14,3,5.59,AR,1714466446
459,lompoc,34.6391,-120.4579,286.44,84,0,7.2,US,1714466446
460,dromore,54.5167,-7.4667,278.73,96,100,1.67,GB,1714466447
461,vilyuysk,63.7553,121.6247,273.15,89,100,6.26,RU,1714466447
462,chahar burj,34.2448,62.1917,293.83,17,0,3.95,AF,1714466447
463,yaren,-0.5472,166.916,301.85,80,23,4.69,NR,1714466447
464,sao felix do xingu,-6.6447,-51.995,295.09,99,100,0.45,BR,1714466447
465,buka,40.8108,69.1986,293.69,40,94,5.27,UZ,1714466447
466,bonthe,7.5264,-12.505,303.01,70,12,1.74,SL,1714466447
467,igrim,63.1906,64.4162,273.14,73,100,4.18,RU,1714466448
468,la mira,18.035,-102.3266,294.42,92,100,2.34,MX,1714466448
469,wanning,18.8003,110.3967,303.69,73,0,8.27,CN,1714466448
470,fort st. john,56.2499,-120.8529,273.09,100,100,2.06,CA,1714466448
471,alice town,25.7167,-79.3,297.33,74,40,8.79,BS,1714466448
472,galesong,-5.3166,119.3661,301.16,81,100,2.72,ID,1714466448
473,sajir,25.1825,44.5996,303.61,29,0,8.25,SA,1714466449
474,guangyuan,32.442,105.823,295.2,38,84,3.21,CN,1714466359
475,domna,51.8971,113.1573,292.36,17,67,7.0,RU,1714466449
476,sinabang,2.4803,96.3801,302.51,76,83,3.36,ID,1714466449
477,skelleftea,64.7507,20.9528,278.35,75,20,6.17,SE,1714466449
478,bandarbeyla,9.4942,50.8122,304.74,63,13,4.7,SO,1714466449
479,tindouf,27.6711,-8.1474,288.4,44,0,6.17,DZ,1714466449
480,kindu,-2.95,25.95,305.59,48,78,1.95,CD,1714466450
481,cognac,45.5,-0.25,290.25,72,0,2.57,FR,1714466450
482,rasskazovo,52.6714,41.9033,290.68,41,0,2.02,RU,1714466450
483,bria,6.5423,21.9863,305.68,47,70,2.42,CF,1714466450
484,inirida,3.8653,-67.9239,295.4,99,98,0.86,CO,1714466450
485,gawler,-34.6,138.7333,287.16,59,0,5.05,AU,1714466450
486,semera,11.501,41.201,305.86,42,10,4.38,ET,1714466450
487,saint-pierre,-21.3393,55.4781,300.97,69,0,9.77,RE,1714466451
488,sur,22.5667,59.5289,305.15,45,35,3.68,OM,1714466451
489,trairi,-3.2778,-39.2689,297.24,95,100,4.28,BR,1714466261
490,boshan,36.4833,117.8333,292.65,24,100,4.81,CN,1714466451
491,manjeshvar,12.7,74.8833,306.81,65,79,6.7,IN,1714466451
492,akjoujt,19.6969,-14.4164,298.74,17,27,10.4,MR,1714466451
493,island harbour,50.724,-1.2758,288.0,73,6,4.92,GB,1714466452
494,gorom-gorom,14.4439,-0.2361,309.18,19,62,10.36,BF,1714466452
495,aswan,24.0934,32.907,303.76,20,0,3.09,EG,1714466452
496,mar del plata,-38.0023,-57.5575,290.98,94,100,5.66,AR,1714466452
497,zhangye,38.9342,100.4517,291.74,9,75,5.94,CN,1714466359
498,yuzhno-kurilsk,44.0306,145.8556,276.69,74,100,7.31,RU,1714466453
499,boca do acre,-8.7522,-67.3978,298.07,92,92,0.28,BR,1714466453
500,waingapu,-9.6567,120.2641,301.36,76,51,6.48,ID,1714466453
501,mingyue,43.1069,128.9217,285.82,48,63,2.23,CN,1714466453
502,sao tome,0.3365,6.7273,302.48,78,100,2.81,ST,1714466453
503,naze,28.3667,129.4833,296.66,78,16,2.77,JP,1714466453
504,turinsk,58.0458,63.696,281.93,33,20,4.09,RU,1714466453
505,baihe,22.15,107.2333,313.33,22,4,6.05,CN,1714466454
506,suva,-18.1416,178.4415,299.86,94,75,3.6,FJ,1714466454
507,moyale,3.5167,39.0584,298.82,67,78,3.36,KE,1714466454
508,srivardhan,18.0333,73.0167,306.1,49,28,7.89,IN,1714466454
509,worpswede,53.2167,8.9333,291.33,77,79,2.42,DE,1714466454
510,powell river,49.8496,-124.5361,281.15,75,100,1.95,CA,1714466455
511,pisco,-13.7,-76.2167,293.18,83,0,5.14,PE,1714466455
512,gamba,-2.65,10.0,302.72,77,63,3.04,GA,1714466455
513,broken hill,-31.95,141.4333,287.2,35,2,6.88,AU,1714466455
514,tvoroyri,61.5556,-6.8111,281.61,92,98,4.04,FO,1714466455
515,mako,46.2167,20.4833,294.94,48,25,4.23,HU,1714466455
516,bajil,15.0584,43.2851,310.69,32,1,4.48,YE,1714466456
517,intendente alvear,-35.2338,-63.592,287.4,95,52,5.97,AR,1714466456
518,popondetta,-8.7537,148.2534,297.28,98,100,0.78,PG,1714466456
519,ulladulla,-35.35,150.4667,286.91,67,95,5.59,AU,1714466456
520,dawei,14.0833,98.2,306.35,52,8,5.01,MM,1714466456
521,tyukhtet,56.5389,89.3011,275.4,41,100,5.18,RU,1714466456
522,praya,14.9215,-23.5087,296.45,68,20,9.26,CV,1714466456
523,kudahuvadhoo,2.6708,72.8944,298.99,84,100,4.78,MV,1714466457
524,viedma,-40.8135,-62.9967,283.39,47,22,6.41,AR,1714466187
525,zhigalovo,54.8097,105.1578,276.0,92,100,6.93,RU,1714466457
526,phalauda,29.1833,77.8167,312.17,6,14,5.43,IN,1714466457
527,tangalle,6.024,80.7911,306.24,67,100,4.87,LK,1714466457
528,trinidad,-14.8333,-64.9,297.1,88,0,1.84,BO,1714466458
529,tomatlan,19.9333,-105.25,290.87,79,18,1.13,MX,1714466458
530,moroni,-11.7022,43.2551,302.98,68,85,3.15,KM,1714466458
531,maragogi,-9.0122,-35.2225,298.79,83,92,1.04,BR,1714466458
532,leava,-14.3,-178.1667,302.34,80,14,7.06,WF,1714466458
533,laayoune,27.1622,-13.2032,291.34,59,75,7.2,EH,1714466458
534,mount isa,-20.7333,139.5,301.02,39,28,3.6,AU,1714466458
535,arkhangel'sk,64.5401,40.5433,274.33,100,100,6.0,RU,1714466459
536,shengli,37.4564,118.4856,294.66,15,100,4.04,CN,1714466459
537,moa,20.6569,-74.9403,297.46,88,93,5.4,CU,1714466212
538,chhatapur,26.2167,87.0167,317.27,6,0,9.88,IN,1714466459
539,al jaradiyah,16.5795,42.9124,307.87,41,32,5.08,SA,1714466459
540,rawlins,41.7911,-107.2387,274.46,93,100,4.63,US,1714466459
541,ratnagiri,16.9833,73.3,305.22,62,27,6.18,IN,1714466460
542,joshimath,30.5667,79.5667,292.88,19,100,4.06,IN,1714466460
543,plettenberg bay,-34.0527,23.3716,294.58,59,0,7.62,ZA,1714466460
544,cacu,-18.5567,-51.1308,294.01,72,92,1.7,BR,1714466460
545,chernyshevskiy,63.0128,112.4714,273.55,100,100,2.19,RU,1714466460
546,port hedland,-20.3167,118.5667,305.18,31,2,5.66,AU,1714466460
547,san angelo,31.4638,-100.437,296.27,73,0,6.69,US,1714466176
548,srimushnam,11.4,79.4167,314.3,26,97,4.81,IN,1714466461
549,puerto madryn,-42.7692,-65.0385,283.55,40,0,8.68,AR,1714466461
550,palmer,42.1584,-72.3287,286.8,71,100,0.0,US,1714466461
551,farah,32.5,62.5,292.55,14,0,3.33,AF,1714466461
552,oriximina,-1.7656,-55.8661,297.1,94,65,1.33,BR,1714466461
553,taltal,-25.4,-70.4833,290.22,77,2,0.77,CL,1714466461
554,coeur d'alene,47.6777,-116.7805,275.09,93,10,1.83,US,1714466237
555,nelson,-41.2833,173.2833,284.42,85,3,0.89,NZ,1714466336
556,senanga,-16.1167,23.2667,300.86,28,1,3.07,ZM,1714466462
557,weno,7.4515,151.8468,298.12,94,100,3.6,FM,1714466462
558,opuwo,-18.0607,13.84,300.13,27,0,7.15,NA,1714466462
559,la libertad,-2.2333,-80.9,297.89,82,100,3.32,EC,1714466462
560,harper,4.375,-7.7169,302.34,78,64,2.18,LR,1714466462
561,harnosand,62.6323,17.9379,284.15,74,74,2.6,SE,1714466463
562,kalianget,-7.05,113.9333,302.12,77,99,4.0,ID,1714466463
563,vernon,50.2581,-119.2691,278.01,73,60,0.51,CA,1714466406
564,bhandaria,22.4861,90.0609,307.92,52,92,10.36,BD,1714466463
565,walvis bay,-22.9575,14.5053,297.68,46,0,0.0,NA,1714466463
566,rongelap,11.1635,166.8941,300.55,78,100,8.58,MH,1714466464
567,remire-montjoly,4.9167,-52.2667,298.17,94,75,1.54,GF,1714466464
568,shakiso,5.75,38.9167,295.29,79,54,1.49,ET,1714466464
569,kavaratti,10.5669,72.642,303.19,74,100,3.69,IN,1714466464
570,altayskoye,51.9533,85.3325,279.68,70,100,1.47,RU,1714466464
571,shingu,33.7333,135.9833,293.06,94,93,0.7,JP,1714466464
572,morehead city,34.7229,-76.726,293.16,82,5,1.79,US,1714466465
573,sysert',56.4953,60.8192,283.31,28,18,3.32,RU,1714466281
574,kill devil hills,36.0307,-75.676,292.15,83,0,4.63,US,1714466282
575,polyarnyy,69.1989,33.4478,274.16,97,100,1.18,RU,1714466465
576,kalat,29.0225,66.5916,285.94,17,0,9.65,PK,1714466465
577,mossel bay,-34.1831,22.146,294.11,70,0,4.28,ZA,1714466465
578,bejar,40.3864,-5.7634,283.47,56,22,4.32,ES,1714466465
579,horta,38.5333,-28.6333,288.72,87,75,2.57,PT,1714466466
580,nyaunglebin,17.95,96.7333,316.58,18,5,4.1,MM,1714466466
581,severo-yeniseyskiy,60.3725,93.0408,266.8,89,100,4.47,RU,1714466466
582,lerwick,60.1545,-1.1494,283.15,92,100,9.43,GB,1714466466
583,urangan,-25.3,152.9,296.04,73,3,3.13,AU,1714466466
